slug,name,count,link
"4dogs","4Dogs",11,"/gamintojas/4dogs/"
"8in1","8IN1",21,"/gamintojas/8in1/"
"abakus","Abakus",0,"/gamintojas/abakus/"
"ad-bi","Ad Bi",12,"/gamintojas/ad-bi/"
"alda","ALDA",5,"/gamintojas/alda/"
"ambrosia","Ambrosia",15,"/gamintojas/ambrosia/"
"animonda","Animonda",64,"/gamintojas/animonda/"
"antos","ANTOS",21,"/gamintojas/antos/"
"anty-insect","ANTY INSECT",0,"/gamintojas/anty-insect/"
"apollo","Apollo",3,"/gamintojas/apollo/"
"aquaris","Aquaris",6,"/gamintojas/aquaris/"
"barry-king","Barry King",3,"/gamintojas/barry-king/"
"bazyl","BAZYL",3,"/gamintojas/bazyl/"
"beaphar","Beaphar",0,"/gamintojas/beaphar/"
"beeztees","BEEZTEES",4,"/gamintojas/beeztees/"
"belocat","BeloCat",61,"/gamintojas/belocat/"
"biokats","Biokat's",1,"/gamintojas/biokats/"
"bioveta","BIOVETA",5,"/gamintojas/bioveta/"
"bioveterinary","bioVETERINARY",6,"/gamintojas/bioveterinary/"
"bogar","BOGAR",0,"/gamintojas/bogar/"
"bon-appetit","Bon Appetit",1,"/gamintojas/bon-appetit/"
"bosch","Bosch",1,"/gamintojas/bosch/"
"bult","Bult",0,"/gamintojas/bult/"
"candioli","CANDIOLI",16,"/gamintojas/candioli/"
"cats_best","CAT'S_BEST",11,"/gamintojas/cats_best/"
"catessy","Catessy",0,"/gamintojas/catessy/"
"catit","Catit",8,"/gamintojas/catit/"
"cazo","CAZO",4,"/gamintojas/cazo/"
"champ-richer","CHAMP RICHER",2,"/gamintojas/champ-richer/"
"chewllagen","Chewllagen",21,"/gamintojas/chewllagen/"
"chipsi","CHIPSI",2,"/gamintojas/chipsi/"
"chuckit","Chuckit!",2,"/gamintojas/chuckit/"
"churu","Churu",64,"/gamintojas/churu/"
"ciao","CIAO",5,"/gamintojas/ciao/"
"comfy","COMFY",39,"/gamintojas/comfy/"
"coockoo","Coockoo",24,"/gamintojas/coockoo/"
"cosycat","COSYCAT",2,"/gamintojas/cosycat/"
"cosypet","COSYPET",1,"/gamintojas/cosypet/"
"deli-nature","Deli Nature",16,"/gamintojas/deli-nature/"
"dingo","Dingo",13,"/gamintojas/dingo/"
"dog-fantasy","Dog Fantasy",3,"/gamintojas/dog-fantasy/"
"doggyebag","DoggyeBag",1,"/gamintojas/doggyebag/"
"dogoteka","Dogoteka",19,"/gamintojas/dogoteka/"
"dolina-noteci","Dolina Noteci",5,"/gamintojas/dolina-noteci/"
"drakonape","DRAKONAPE",1,"/gamintojas/drakonape/"
"duvo","Duvo+",47,"/gamintojas/duvo/"
"ecomfy","ECOMFY",13,"/gamintojas/ecomfy/"
"eukanuba","Eukanuba",37,"/gamintojas/eukanuba/"
"exclusion","Exclusion",78,"/gamintojas/exclusion/"
"expertus","EXPERTUS",4,"/gamintojas/expertus/"
"family-cat","Family Cat",5,"/gamintojas/family-cat/"
"family-dog","Family Dog",7,"/gamintojas/family-dog/"
"farmina","Farmina",155,"/gamintojas/farmina/"
"fine-dog","Fine Dog",0,"/gamintojas/fine-dog/"
"flexi","FLEXI",66,"/gamintojas/flexi/"
"frendi","Frendi",8,"/gamintojas/frendi/"
"furminator","FURMINATOR",29,"/gamintojas/furminator/"
"gemon","Gemon",17,"/gamintojas/gemon/"
"genia","GENIA",8,"/gamintojas/genia/"
"georplast","Georplast",69,"/gamintojas/georplast/"
"gigi","GIGI",14,"/gamintojas/gigi/"
"gimborn","Gimborn",2,"/gamintojas/gimborn/"
"gimcat","GimCat",36,"/gamintojas/gimcat/"
"gimdog","GimDog",7,"/gamintojas/gimdog/"
"gnatek","Gnatek",29,"/gamintojas/gnatek/"
"green-petfood","Green Petfood",3,"/gamintojas/green-petfood/"
"greenpetfood","GreenPetFood",8,"/gamintojas/greenpetfood/"
"hap","HAP",14,"/gamintojas/hap/"
"happet","HAPPET",52,"/gamintojas/happet/"
"haumiau","Hau&amp;Miau",25,"/gamintojas/haumiau/"
"hikari","Hikari",40,"/gamintojas/hikari/"
"iams","IAMS",5,"/gamintojas/iams/"
"joes_cat","JOE'S_CAT",2,"/gamintojas/joes_cat/"
"josera","Josera",216,"/gamintojas/josera/"
"k-9","K-9",11,"/gamintojas/k-9/"
"k9","K9",0,"/gamintojas/k9/"
"karoo-wild","KAROO WILD",3,"/gamintojas/karoo-wild/"
"katrinex","Katrinex",1,"/gamintojas/katrinex/"
"land-fleisch","LAND FLEISCH",20,"/gamintojas/land-fleisch/"
"lechat","Lechat",0,"/gamintojas/lechat/"
"lessie-land","Lessie Land",1,"/gamintojas/lessie-land/"
"little-one","LITTLE ONE",24,"/gamintojas/little-one/"
"lupi-pets","Lupi-pets",0,"/gamintojas/lupi-pets/"
"magic-cat","Magic Cat",0,"/gamintojas/magic-cat/"
"matteo","Matteo",3,"/gamintojas/matteo/"
"mervue","MERVUE",11,"/gamintojas/mervue/"
"miamor","Miamor",33,"/gamintojas/miamor/"
"monge","Monge",119,"/gamintojas/monge/"
"mps","MPS",7,"/gamintojas/mps/"
"natures-mir","NATURE'S MIR",10,"/gamintojas/natures-mir/"
"nina-ottosson","Nina Ottosson",7,"/gamintojas/nina-ottosson/"
"nobby","Nobby",80,"/gamintojas/nobby/"
"nobleza","NOBLEZA",67,"/gamintojas/nobleza/"
"one-wish","One Wish",3,"/gamintojas/one-wish/"
"ontario","Ontario",56,"/gamintojas/ontario/"
"pess","Pess",6,"/gamintojas/pess/"
"pet-nova","PET NOVA",8,"/gamintojas/pet-nova/"
"petshop-lt","Petshop.lt",1,"/gamintojas/petshop-lt/"
"prins","Prins",23,"/gamintojas/prins/"
"pro-nutrition","Pro-Nutrition",0,"/gamintojas/pro-nutrition/"
"purina","Purina",0,"/gamintojas/purina/"
"quattro","Quattro",64,"/gamintojas/quattro/"
"rasco","Rasco",11,"/gamintojas/rasco/"
"real-dog","Real Dog",21,"/gamintojas/real-dog/"
"romar","Romar",27,"/gamintojas/romar/"
"royal-canin","Royal Canin",25,"/gamintojas/royal-canin/"
"santovita","SANTOVITA",2,"/gamintojas/santovita/"
"seecurity","SEECURITY",10,"/gamintojas/seecurity/"
"shinycat","ShinyCat",1,"/gamintojas/shinycat/"
"simba","Simba",0,"/gamintojas/simba/"
"smart-bones","SMART BONES",13,"/gamintojas/smart-bones/"
"sum-plast","Sum-Plast",36,"/gamintojas/sum-plast/"
"super-benek","Super Benek",15,"/gamintojas/super-benek/"
"trixie","Trixie",276,"/gamintojas/trixie/"
"truly","TRULY",15,"/gamintojas/truly/"
"vetocanis","Vetocanis",12,"/gamintojas/vetocanis/"
"vetoquinol","VETOQUINOL",10,"/gamintojas/vetoquinol/"
"vitapol","Vitapol",5,"/gamintojas/vitapol/"
"wanpy","WANPY",18,"/gamintojas/wanpy/"
"yarro","Yarro",4,"/gamintojas/yarro/"
"ziarnko","Ziarnko",3,"/gamintojas/ziarnko/"
"zolux","Zolux",15,"/gamintojas/zolux/"
