severity,brand,name,count,checked_url,first_hop_code,first_hop_xrb,final_url,expected
HIGH,8in1,8IN1,21,/8in1,301,WordPress,/product/8in1-delights-pro-dental-xs-kaulas-mazu-veisliu-sunims-7-vnt/,/gamintojas/8in1/
HIGH,8in1,8IN1,21,/8in1/,301,WordPress,/product/8in1-delights-pro-dental-xs-kaulas-mazu-veisliu-sunims-7-vnt/,/gamintojas/8in1/
HIGH,ambrosia,Ambrosia,15,/ambrosia,301,WordPress,/product/ambrosia-begrudis-su-eriena-ir-sviezia-elniena-sausas-maistas-sunims-grain-free-lamb-fresh-venison-12-kg/,/gamintojas/ambrosia/
HIGH,ambrosia,Ambrosia,15,/ambrosia/,301,WordPress,/product/ambrosia-begrudis-su-eriena-ir-sviezia-elniena-sausas-maistas-sunims-grain-free-lamb-fresh-venison-12-kg/,/gamintojas/ambrosia/
HIGH,animonda,Animonda,64,/animonda,301,WordPress,/product/animonda-carny-adult-beef-chicken-duck-heart-konservai-katems-su-sviezia-jautiena-vistiena-ir-anciu-sirdelemis-400-g/,/gamintojas/animonda/
HIGH,animonda,Animonda,64,/animonda/,301,WordPress,/product/animonda-carny-adult-beef-chicken-duck-heart-konservai-katems-su-sviezia-jautiena-vistiena-ir-anciu-sirdelemis-400-g/,/gamintojas/animonda/
HIGH,antos,ANTOS,21,/antos,301,WordPress,/product/antos-didelis-arklienos-kaulas-sunims-25kg/,/gamintojas/antos/
HIGH,antos,ANTOS,21,/antos/,301,WordPress,/product/antos-didelis-arklienos-kaulas-sunims-25kg/,/gamintojas/antos/
HIGH,apollo,Apollo,3,/apollo,301,WordPress,/product/apollo-dentinis-lazdeles-vidutiniu-ir-dideliu-veisliu-sunims-180-g/,/gamintojas/apollo/
HIGH,apollo,Apollo,3,/apollo/,301,WordPress,/product/apollo-dentinis-lazdeles-vidutiniu-ir-dideliu-veisliu-sunims-180-g/,/gamintojas/apollo/
HIGH,aquaris,Aquaris,6,/aquaris,301,WordPress,/product/aquaris-goldfish-3-kg-maistas-auksinems-zuvelems-ir-kitoms-tvenkiniu-zuvims/,/gamintojas/aquaris/
HIGH,aquaris,Aquaris,6,/aquaris/,301,WordPress,/product/aquaris-goldfish-3-kg-maistas-auksinems-zuvelems-ir-kitoms-tvenkiniu-zuvims/,/gamintojas/aquaris/
HIGH,bazyl,BAZYL,3,/bazyl,301,WordPress,/product/bazyl-ag-compact-bentonitinis-kraikas-katems/,/gamintojas/bazyl/
HIGH,bazyl,BAZYL,3,/bazyl/,301,WordPress,/product/bazyl-ag-compact-bentonitinis-kraikas-katems/,/gamintojas/bazyl/
HIGH,biokats,Biokat's,1,/biokats,301,WordPress,/product/biokats-eco-light-naturalus-kraikas-8l/,/gamintojas/biokats/
HIGH,biokats,Biokat's,1,/biokats/,301,WordPress,/product/biokats-eco-light-naturalus-kraikas-8l/,/gamintojas/biokats/
HIGH,bioveta,BIOVETA,5,/bioveta,301,WordPress,/product/bioveta-alaptid-tepalas-zaizdoms-20g/,/gamintojas/bioveta/
HIGH,bioveta,BIOVETA,5,/bioveta/,301,WordPress,/product/bioveta-alaptid-tepalas-zaizdoms-20g/,/gamintojas/bioveta/
HIGH,bioveterinary,bioVETERINARY,6,/bioveterinary,301,WordPress,/product/bioveterinary-stress-control-stresa-mazinantis-pasaro-papildas-augintiniams-n28/,/gamintojas/bioveterinary/
HIGH,bioveterinary,bioVETERINARY,6,/bioveterinary/,301,WordPress,/product/bioveterinary-stress-control-stresa-mazinantis-pasaro-papildas-augintiniams-n28/,/gamintojas/bioveterinary/
HIGH,bosch,Bosch,1,/bosch,301,WordPress,/product/bosch-sausainiai-suniukams-kauliuko-formos-mono-bones-900-g/,/gamintojas/bosch/
HIGH,bosch,Bosch,1,/bosch/,301,WordPress,/product/bosch-sausainiai-suniukams-kauliuko-formos-mono-bones-900-g/,/gamintojas/bosch/
HIGH,candioli,CANDIOLI,16,/candioli,301,WordPress,/product/candioli-actea-oral-stomatologinis-gelis-sunims-ir-katems-15ml/,/gamintojas/candioli/
HIGH,candioli,CANDIOLI,16,/candioli/,301,WordPress,/product/candioli-actea-oral-stomatologinis-gelis-sunims-ir-katems-15ml/,/gamintojas/candioli/
HIGH,catit,Catit,8,/catit,301,WordPress,/product/catit-cuisine-jautienos-pastetas-su-morkomis-95-g/,/gamintojas/catit/
HIGH,catit,Catit,8,/catit/,301,WordPress,/product/catit-cuisine-jautienos-pastetas-su-morkomis-95-g/,/gamintojas/catit/
HIGH,cazo,CAZO,4,/cazo,301,WordPress,/product/cazo-himalayan-suris-su-braskemis-l-13-16cm/,/gamintojas/cazo/
HIGH,cazo,CAZO,4,/cazo/,301,WordPress,/product/cazo-himalayan-suris-su-braskemis-l-13-16cm/,/gamintojas/cazo/
HIGH,chewllagen,Chewllagen,21,/chewllagen,301,WordPress,/product/chewllagen-bar-jautienos-125cm-m-deze-24x105g/,/gamintojas/chewllagen/
HIGH,chewllagen,Chewllagen,21,/chewllagen/,301,WordPress,/product/chewllagen-bar-jautienos-125cm-m-deze-24x105g/,/gamintojas/chewllagen/
HIGH,chipsi,CHIPSI,2,/chipsi,301,WordPress,/product/chipsi-carefresh-confeti-10l-kraikas-grauzikams-celiuliozes-pluostas-1kg/,/gamintojas/chipsi/
HIGH,chipsi,CHIPSI,2,/chipsi/,301,WordPress,/product/chipsi-carefresh-confeti-10l-kraikas-grauzikams-celiuliozes-pluostas-1kg/,/gamintojas/chipsi/
HIGH,churu,Churu,64,/churu,301,WordPress,/product/churu-bites-skanestas-katems-su-tunu-ir-lasisa-suktinukai-3-vnt/,/gamintojas/churu/
HIGH,churu,Churu,64,/churu/,301,WordPress,/product/churu-bites-skanestas-katems-su-tunu-ir-lasisa-suktinukai-3-vnt/,/gamintojas/churu/
HIGH,ciao,CIAO,5,/ciao,301,WordPress,/product/ciao-broth-skanestas-katems-vistiena-su-lasisa-ir-tunu-vistienos-sultinyje-10x40-g/,/gamintojas/ciao/
HIGH,ciao,CIAO,5,/ciao/,301,WordPress,/product/ciao-broth-skanestas-katems-vistiena-su-lasisa-ir-tunu-vistienos-sultinyje-10x40-g/,/gamintojas/ciao/
HIGH,comfy,COMFY,39,/comfy,301,WordPress,/product/comfy-appetit-fancy-skanestas-katems-vistienos-juosteles-50g/,/gamintojas/comfy/
HIGH,comfy,COMFY,39,/comfy/,301,WordPress,/product/comfy-appetit-fancy-skanestas-katems-vistienos-juosteles-50g/,/gamintojas/comfy/
HIGH,cosycat,COSYCAT,2,/cosycat,301,WordPress,/product/cosycat-10l43kgsusokantis-medzio-drozliu-kraikas-katems/,/gamintojas/cosycat/
HIGH,cosycat,COSYCAT,2,/cosycat/,301,WordPress,/product/cosycat-10l43kgsusokantis-medzio-drozliu-kraikas-katems/,/gamintojas/cosycat/
HIGH,cosypet,COSYPET,1,/cosypet,301,WordPress,/product/cosypet-20-l-10-kg-medzio-drozliu-kraikas-gyvunams/,/gamintojas/cosypet/
HIGH,cosypet,COSYPET,1,/cosypet/,301,WordPress,/product/cosypet-20-l-10-kg-medzio-drozliu-kraikas-gyvunams/,/gamintojas/cosypet/
HIGH,deli-nature,Deli Nature,16,/deli-nature,301,WordPress,/product/deli-nature-lesalas-afrikos-papugoms-15-kg-20-parrots-serengeti/,/gamintojas/deli-nature/
HIGH,deli-nature,Deli Nature,16,/deli-nature/,301,WordPress,/product/deli-nature-lesalas-afrikos-papugoms-15-kg-20-parrots-serengeti/,/gamintojas/deli-nature/
HIGH,doggyebag,DoggyeBag,1,/doggyebag,301,WordPress,/product/doggyebag-christmas-balls-6-vnt-counter-display/,/gamintojas/doggyebag/
HIGH,doggyebag,DoggyeBag,1,/doggyebag/,301,WordPress,/product/doggyebag-christmas-balls-6-vnt-counter-display/,/gamintojas/doggyebag/
HIGH,dogoteka,Dogoteka,19,/dogoteka,301,WordPress,/product/dogoteka-antilact-pet-50ml/,/gamintojas/dogoteka/
HIGH,dogoteka,Dogoteka,19,/dogoteka/,301,WordPress,/product/dogoteka-antilact-pet-50ml/,/gamintojas/dogoteka/
HIGH,dolina-noteci,Dolina Noteci,5,/dolina-noteci,301,WordPress,/product/dolina-noteci-kitten-konservai-kaciukams-su-kalakutiena-185-g/,/gamintojas/dolina-noteci/
HIGH,dolina-noteci,Dolina Noteci,5,/dolina-noteci/,301,WordPress,/product/dolina-noteci-kitten-konservai-kaciukams-su-kalakutiena-185-g/,/gamintojas/dolina-noteci/
HIGH,drakonape,DRAKONAPE,1,/drakonape,301,WordPress,/product/drakonape-plataus-spectro-cbd-aliejus-1200mg-30-ml/,/gamintojas/drakonape/
HIGH,drakonape,DRAKONAPE,1,/drakonape/,301,WordPress,/product/drakonape-plataus-spectro-cbd-aliejus-1200mg-30-ml/,/gamintojas/drakonape/
HIGH,duvo,Duvo+,47,/duvo,301,WordPress,/product/duvoplius-zaislas-suniui-pliusinis-melynasis-banginis-27x8x7cm/,/gamintojas/duvo/
HIGH,duvo,Duvo+,47,/duvo/,301,WordPress,/product/duvoplius-zaislas-suniui-pliusinis-melynasis-banginis-27x8x7cm/,/gamintojas/duvo/
HIGH,ecomfy,ECOMFY,13,/ecomfy,301,WordPress,/product/ecomfy-draskykle-alex-su-lentyna-pilka-67-5cm/,/gamintojas/ecomfy/
HIGH,ecomfy,ECOMFY,13,/ecomfy/,301,WordPress,/product/ecomfy-draskykle-alex-su-lentyna-pilka-67-5cm/,/gamintojas/ecomfy/
HIGH,eukanuba,Eukanuba,37,/eukanuba,301,WordPress,/product/eukanuba-active-small-adult-vistiena-3kg/,/gamintojas/eukanuba/
HIGH,eukanuba,Eukanuba,37,/eukanuba/,301,WordPress,/product/eukanuba-active-small-adult-vistiena-3kg/,/gamintojas/eukanuba/
HIGH,exclusion,Exclusion,78,/exclusion,301,WordPress,/product/exclusion-hepatic-dietinis-sausas-sunu-maistas-su-kiauliena-ryziais-ir-zirneliais-m-l-12kg/,/gamintojas/exclusion/
HIGH,exclusion,Exclusion,78,/exclusion/,301,WordPress,/product/exclusion-hepatic-dietinis-sausas-sunu-maistas-su-kiauliena-ryziais-ir-zirneliais-m-l-12kg/,/gamintojas/exclusion/
HIGH,expertus,EXPERTUS,4,/expertus,301,WordPress,/product/expertus-silikoninis-kraikas-katems-10l/,/gamintojas/expertus/
HIGH,expertus,EXPERTUS,4,/expertus/,301,WordPress,/product/expertus-silikoninis-kraikas-katems-10l/,/gamintojas/expertus/
HIGH,family-cat,Family Cat,5,/family-cat,301,WordPress,/product/family-cat-premium-adult-visavertis-pasaras-suaugusioms-visu-veisliu-katems-su-vistiena-10kg/,/gamintojas/family-cat/
HIGH,family-cat,Family Cat,5,/family-cat/,301,WordPress,/product/family-cat-premium-adult-visavertis-pasaras-suaugusioms-visu-veisliu-katems-su-vistiena-10kg/,/gamintojas/family-cat/
HIGH,family-dog,Family Dog,7,/family-dog,301,WordPress,/product/family-dog-adult-medium-visavertis-pasaras-suaugusiems-sunims-su-eriena-ir-ryziais-15kg/,/gamintojas/family-dog/
HIGH,family-dog,Family Dog,7,/family-dog/,301,WordPress,/product/family-dog-adult-medium-visavertis-pasaras-suaugusiems-sunims-su-eriena-ir-ryziais-15kg/,/gamintojas/family-dog/
HIGH,farmina,Farmina,155,/farmina,301,WordPress,/product/farmina-matisse-cat-dry-chickenrice-10-kg/,/gamintojas/farmina/
HIGH,farmina,Farmina,155,/farmina/,301,WordPress,/product/farmina-matisse-cat-dry-chickenrice-10-kg/,/gamintojas/farmina/
HIGH,flexi,FLEXI,66,/flexi,301,WordPress,/product/flexi-led-zibintuvelis-akku-su-usb-pilkas/,/gamintojas/flexi/
HIGH,flexi,FLEXI,66,/flexi/,301,WordPress,/product/flexi-led-zibintuvelis-akku-su-usb-pilkas/,/gamintojas/flexi/
HIGH,frendi,Frendi,8,/frendi,301,WordPress,/product/frendi-slapias-maistas-katems-gabaliukai-padaze-su-kalakutiena-100-g/,/gamintojas/frendi/
HIGH,frendi,Frendi,8,/frendi/,301,WordPress,/product/frendi-slapias-maistas-katems-gabaliukai-padaze-su-kalakutiena-100-g/,/gamintojas/frendi/
HIGH,furminator,FURMINATOR,29,/furminator,301,WordPress,/product/furminator-2in1-sukos-sunims/,/gamintojas/furminator/
HIGH,furminator,FURMINATOR,29,/furminator/,301,WordPress,/product/furminator-2in1-sukos-sunims/,/gamintojas/furminator/
HIGH,gemon,Gemon,17,/gemon,301,WordPress,/product/gemon-adult-visavertis-pasaras-suaugusioms-katems-su-lasisa-ir-tunu-20kg/,/gamintojas/gemon/
HIGH,gemon,Gemon,17,/gemon/,301,WordPress,/product/gemon-adult-visavertis-pasaras-suaugusioms-katems-su-lasisa-ir-tunu-20kg/,/gamintojas/gemon/
HIGH,genia,GENIA,8,/genia,301,WordPress,/product/genia-aliuminis-itvaras-90x400mm-4vnt/,/gamintojas/genia/
HIGH,genia,GENIA,8,/genia/,301,WordPress,/product/genia-aliuminis-itvaras-90x400mm-4vnt/,/gamintojas/genia/
HIGH,gigi,GIGI,14,/gigi,301,WordPress,/product/gigi-calci-cod-omega-kaps-pasaro-papildas-kailiui-odai-ir-sanariams-katem-ir-sunims-n21/,/gamintojas/gigi/
HIGH,gigi,GIGI,14,/gigi/,301,WordPress,/product/gigi-calci-cod-omega-kaps-pasaro-papildas-kailiui-odai-ir-sanariams-katem-ir-sunims-n21/,/gamintojas/gigi/
HIGH,gimcat,GimCat,36,/gimcat,301,WordPress,/product/gimcat-cheezies-425g/,/gamintojas/gimcat/
HIGH,gimcat,GimCat,36,/gimcat/,301,WordPress,/product/gimcat-cheezies-425g/,/gamintojas/gimcat/
HIGH,gimdog,GimDog,7,/gimdog,301,WordPress,/product/gimdog-de-shedding-rake-l-furm-greblys-issukavimui/,/gamintojas/gimdog/
HIGH,gimdog,GimDog,7,/gimdog/,301,WordPress,/product/gimdog-de-shedding-rake-l-furm-greblys-issukavimui/,/gamintojas/gimdog/
HIGH,green-petfood,Green Petfood,3,/green-petfood,301,WordPress,/product/green-petfood-fair-cat-balance-konservuotas-pasaras-katems-85-g/,/gamintojas/green-petfood/
HIGH,green-petfood,Green Petfood,3,/green-petfood/,301,WordPress,/product/green-petfood-fair-cat-balance-konservuotas-pasaras-katems-85-g/,/gamintojas/green-petfood/
HIGH,hap,HAP,14,/hap,301,WordPress,/product/hap-minkstas-kilimelis-gyvunui-rudas70x58cm/,/gamintojas/hap/
HIGH,hap,HAP,14,/hap/,301,WordPress,/product/hap-minkstas-kilimelis-gyvunui-rudas70x58cm/,/gamintojas/hap/
HIGH,happet,HAPPET,52,/happet,301,WordPress,/product/happet-akvariumo-sildytuvas-aquat-mini-25-w/,/gamintojas/happet/
HIGH,happet,HAPPET,52,/happet/,301,WordPress,/product/happet-akvariumo-sildytuvas-aquat-mini-25-w/,/gamintojas/happet/
HIGH,hikari,Hikari,40,/hikari,301,WordPress,/product/hikari-blood-red-parrot-medium-333-g/,/gamintojas/hikari/
HIGH,hikari,Hikari,40,/hikari/,301,WordPress,/product/hikari-blood-red-parrot-medium-333-g/,/gamintojas/hikari/
HIGH,iams,IAMS,5,/iams,301,WordPress,/product/iams-adult-cat-eriena-10kg/,/gamintojas/iams/
HIGH,iams,IAMS,5,/iams/,301,WordPress,/product/iams-adult-cat-eriena-10kg/,/gamintojas/iams/
HIGH,josera,Josera,216,/josera,301,WordPress,/product/josera-a-s-chickenrice-125-kg-sausas-maistas-sunims/,/gamintojas/josera/
HIGH,josera,Josera,216,/josera/,301,WordPress,/product/josera-a-s-chickenrice-125-kg-sausas-maistas-sunims/,/gamintojas/josera/
HIGH,karoo-wild,KAROO WILD,3,/karoo-wild,301,WordPress,/product/karoo-wild-skanestai-sunims-su-antilope-ir-ciobreliais-113g/,/gamintojas/karoo-wild/
HIGH,karoo-wild,KAROO WILD,3,/karoo-wild/,301,WordPress,/product/karoo-wild-skanestai-sunims-su-antilope-ir-ciobreliais-113g/,/gamintojas/karoo-wild/
HIGH,katrinex,Katrinex,1,/katrinex,301,WordPress,/product/katrinex-maistas-koi-karpiams-ir-kitoms-tvenkiniu-zuvims/,/gamintojas/katrinex/
HIGH,katrinex,Katrinex,1,/katrinex/,301,WordPress,/product/katrinex-maistas-koi-karpiams-ir-kitoms-tvenkiniu-zuvims/,/gamintojas/katrinex/
HIGH,little-one,LITTLE ONE,24,/little-one,301,WordPress,/product/little-one-green-valley-begrudis-skanestas-lazdele-grauzikams-su-darzovemis-1x160-g/,/gamintojas/little-one/
HIGH,little-one,LITTLE ONE,24,/little-one/,301,WordPress,/product/little-one-green-valley-begrudis-skanestas-lazdele-grauzikams-su-darzovemis-1x160-g/,/gamintojas/little-one/
HIGH,mervue,MERVUE,11,/mervue,301,WordPress,/product/mervue-diagel-papildas-nuo-viduriavimo-arba-viduriu-konstipacijos-dideliems-sunims-20gx-4/,/gamintojas/mervue/
HIGH,mervue,MERVUE,11,/mervue/,301,WordPress,/product/mervue-diagel-papildas-nuo-viduriavimo-arba-viduriu-konstipacijos-dideliems-sunims-20gx-4/,/gamintojas/mervue/
HIGH,miamor,Miamor,33,/miamor,301,WordPress,/product/miamor-feine-filets-konservai-katems-tunas-krabu-drebuciuose-100-g/,/gamintojas/miamor/
HIGH,miamor,Miamor,33,/miamor/,301,WordPress,/product/miamor-feine-filets-konservai-katems-tunas-krabu-drebuciuose-100-g/,/gamintojas/miamor/
HIGH,monge,Monge,119,/monge,301,WordPress,/product/monge-adult-sausas-pasaras-antiena-ryziai-bulves-12kg/,/gamintojas/monge/
HIGH,monge,Monge,119,/monge/,301,WordPress,/product/monge-adult-sausas-pasaras-antiena-ryziai-bulves-12kg/,/gamintojas/monge/
HIGH,natures-mir,NATURE'S MIR,10,/natures-mir,301,WordPress,/product/natures-miracle-demiu-ir-kvapu-valymo-priemone-set-in-oxy-so-katems709ml/,/gamintojas/natures-mir/
HIGH,natures-mir,NATURE'S MIR,10,/natures-mir/,301,WordPress,/product/natures-miracle-demiu-ir-kvapu-valymo-priemone-set-in-oxy-so-katems709ml/,/gamintojas/natures-mir/
HIGH,nobby,Nobby,80,/nobby,301,WordPress,/product/nobby-antkaklis-su-skarele-raudonas-42-cm-x-20mm/,/gamintojas/nobby/
HIGH,nobby,Nobby,80,/nobby/,301,WordPress,/product/nobby-antkaklis-su-skarele-raudonas-42-cm-x-20mm/,/gamintojas/nobby/
HIGH,nobleza,NOBLEZA,67,/nobleza,301,WordPress,/product/nobleza-2in1-vandens-ir-maisto-dubeneliu-rinkinys-katei-baltas-29x19-6x20-6cm/,/gamintojas/nobleza/
HIGH,nobleza,NOBLEZA,67,/nobleza/,301,WordPress,/product/nobleza-2in1-vandens-ir-maisto-dubeneliu-rinkinys-katei-baltas-29x19-6x20-6cm/,/gamintojas/nobleza/
HIGH,ontario,Ontario,56,/ontario,301,WordPress,/product/ontario-adult-large-beef-and-brown-rice-12-kg-pasaras-dideliu-veisliu-sunims-su-jautiena-ir-rudaisiais-ryziais/,/gamintojas/ontario/
HIGH,ontario,Ontario,56,/ontario/,301,WordPress,/product/ontario-adult-large-beef-and-brown-rice-12-kg-pasaras-dideliu-veisliu-sunims-su-jautiena-ir-rudaisiais-ryziais/,/gamintojas/ontario/
HIGH,pess,Pess,6,/pess,301,WordPress,/product/pess-biologiniai-lasiukai-nuo-parazitu-katems-ir-sunims-sveriantiems-iki-10-kg/,/gamintojas/pess/
HIGH,pess,Pess,6,/pess/,301,WordPress,/product/pess-biologiniai-lasiukai-nuo-parazitu-katems-ir-sunims-sveriantiems-iki-10-kg/,/gamintojas/pess/
HIGH,prins,Prins,23,/prins,301,WordPress,/product/prins-diet-skin-intestinal-hypoallergic-sausas-maistas-katems-15-kg/,/gamintojas/prins/
HIGH,prins,Prins,23,/prins/,301,WordPress,/product/prins-diet-skin-intestinal-hypoallergic-sausas-maistas-katems-15-kg/,/gamintojas/prins/
HIGH,quattro,Quattro,64,/quattro,301,WordPress,/product/quattro-12kg-begrudis-lasisa-ir-kriliu-visu-veisliu-suaugusiu-sunu-pasaras/,/gamintojas/quattro/
HIGH,quattro,Quattro,64,/quattro/,301,WordPress,/product/quattro-12kg-begrudis-lasisa-ir-kriliu-visu-veisliu-suaugusiu-sunu-pasaras/,/gamintojas/quattro/
HIGH,rasco,Rasco,11,/rasco,301,WordPress,/product/rasco-konservai-kaciukams-kitten-su-kalakutiena-ir-spanguolemis-padaze-85-g/,/gamintojas/rasco/
HIGH,rasco,Rasco,11,/rasco/,301,WordPress,/product/rasco-konservai-kaciukams-kitten-su-kalakutiena-ir-spanguolemis-padaze-85-g/,/gamintojas/rasco/
HIGH,real-dog,Real Dog,21,/real-dog,301,WordPress,/product/real-dog-adult-all-breeds-su-arkliena-ir-ryziais-20kg/,/gamintojas/real-dog/
HIGH,real-dog,Real Dog,21,/real-dog/,301,WordPress,/product/real-dog-adult-all-breeds-su-arkliena-ir-ryziais-20kg/,/gamintojas/real-dog/
HIGH,royal-canin,Royal Canin,25,/royal-canin,301,WordPress,/product/royal-canin-cat-fussy-exigent-10-kg-sausas-pasaras-isrankioms-katems/,/gamintojas/royal-canin/
HIGH,royal-canin,Royal Canin,25,/royal-canin/,301,WordPress,/product/royal-canin-cat-fussy-exigent-10-kg-sausas-pasaras-isrankioms-katems/,/gamintojas/royal-canin/
HIGH,super-benek,Super Benek,15,/super-benek,301,WordPress,/product/super-benek-konservai-kaciukams-su-kalakutiena-100-g-professional-line/,/gamintojas/super-benek/
HIGH,super-benek,Super Benek,15,/super-benek/,301,WordPress,/product/super-benek-konservai-kaciukams-su-kalakutiena-100-g-professional-line/,/gamintojas/super-benek/
HIGH,trixie,Trixie,276,/trixie,301,WordPress,/product/trixie-active-antkaklis-su-met-apdaila-oda-m-38-45cm-40mm-juodas/,/gamintojas/trixie/
HIGH,trixie,Trixie,276,/trixie/,301,WordPress,/product/trixie-active-antkaklis-su-met-apdaila-oda-m-38-45cm-40mm-juodas/,/gamintojas/trixie/
HIGH,truly,TRULY,15,/truly,301,WordPress,/product/truly-skanestas-sunims-antialerginis-su-spinatais-ir-salierais-90-g/,/gamintojas/truly/
HIGH,truly,TRULY,15,/truly/,301,WordPress,/product/truly-skanestas-sunims-antialerginis-su-spinatais-ir-salierais-90-g/,/gamintojas/truly/
HIGH,vetocanis,Vetocanis,12,/vetocanis,301,WordPress,/product/vetocanis-antiparazitinis-sampunas-katems-300ml/,/gamintojas/vetocanis/
HIGH,vetocanis,Vetocanis,12,/vetocanis/,301,WordPress,/product/vetocanis-antiparazitinis-sampunas-katems-300ml/,/gamintojas/vetocanis/
HIGH,vetoquinol,VETOQUINOL,10,/vetoquinol,301,WordPress,/product/vetoquinol-bezo-pet-savelas-salinanti-pasta-katems-ir-sunims-120g/,/gamintojas/vetoquinol/
HIGH,vetoquinol,VETOQUINOL,10,/vetoquinol/,301,WordPress,/product/vetoquinol-bezo-pet-savelas-salinanti-pasta-katems-ir-sunims-120g/,/gamintojas/vetoquinol/
HIGH,vitapol,Vitapol,5,/vitapol,301,WordPress,/product/vitapol-exotic-coctail-for-rodents-15kg/,/gamintojas/vitapol/
HIGH,vitapol,Vitapol,5,/vitapol/,301,WordPress,/product/vitapol-exotic-coctail-for-rodents-15kg/,/gamintojas/vitapol/
HIGH,wanpy,WANPY,18,/wanpy,301,WordPress,/product/wanpy-skanestai-sunims-assorted-multi-treats-xmas-300g/,/gamintojas/wanpy/
HIGH,wanpy,WANPY,18,/wanpy/,301,WordPress,/product/wanpy-skanestai-sunims-assorted-multi-treats-xmas-300g/,/gamintojas/wanpy/
HIGH,zolux,Zolux,15,/zolux,301,WordPress,/product/zolux-anah-dvigubos-rotacines-sukos-sunims-universalaus-dydzio/,/gamintojas/zolux/
HIGH,zolux,Zolux,15,/zolux/,301,WordPress,/product/zolux-anah-dvigubos-rotacines-sukos-sunims-universalaus-dydzio/,/gamintojas/zolux/
